{
  "schema_version": 2,
  "created_at": 1781620168.576847,
  "dim": 384,
  "n_vectors": 100000,
  "k": 10,
  "results": [
    {
      "index_name": "flat",
      "recipe": "flat",
      "factory_string": "Flat",
      "k": 10,
      "num_vectors": 100000,
      "dimension": 384,
      "recall_at_k": 1.0,
      "mrr": 1.0,
      "ndcg_at_k": 1.0,
      "latency_ms_mean": 3.528488299343735,
      "latency_ms_p50": 3.3457084791734815,
      "latency_ms_p95": 3.9924173208419225,
      "queries_per_sec": 283.407486482523,
      "build_seconds": 6.554662874899805,
      "ingest_vectors_per_sec": 15256.314765315617,
      "index_size_bytes": 158078053,
      "estimated_memory_bytes": 153600000,
      "timestamp": 1781620115.445337
    },
    {
      "index_name": "hnsw",
      "recipe": "hnsw",
      "factory_string": "HNSW32",
      "k": 10,
      "num_vectors": 100000,
      "dimension": 384,
      "recall_at_k": 0.9740000000000001,
      "mrr": 0.995,
      "ndcg_at_k": 0.9843713567284348,
      "latency_ms_mean": 0.12912395759485662,
      "latency_ms_p50": 0.0985835213214159,
      "latency_ms_p95": 0.13859547907486536,
      "queries_per_sec": 7744.496208346025,
      "build_seconds": 17.792844499927014,
      "ingest_vectors_per_sec": 5620.23683174493,
      "index_size_bytes": 185298844,
      "estimated_memory_bytes": 179200000,
      "timestamp": 1781620133.276196
    },
    {
      "index_name": "ivf",
      "recipe": "ivf",
      "factory_string": "IVF100,Flat",
      "k": 10,
      "num_vectors": 100000,
      "dimension": 384,
      "recall_at_k": 1.0,
      "mrr": 1.0,
      "ndcg_at_k": 1.0,
      "latency_ms_mean": 0.32801772642415017,
      "latency_ms_p50": 0.31329196644946933,
      "latency_ms_p95": 0.3677080851048231,
      "queries_per_sec": 3048.6157284894084,
      "build_seconds": 5.4570403340039775,
      "ingest_vectors_per_sec": 18324.95160002369,
      "index_size_bytes": 159032550,
      "estimated_memory_bytes": 153753600,
      "timestamp": 1781620138.808961
    },
    {
      "index_name": "ivf_pq",
      "recipe": "ivf_pq",
      "factory_string": "IVF100,PQ8x8",
      "k": 10,
      "num_vectors": 100000,
      "dimension": 384,
      "recall_at_k": 0.05949999999999999,
      "mrr": 0.013740079365079363,
      "ndcg_at_k": 0.05005316902404889,
      "latency_ms_mean": 0.0724541675299406,
      "latency_ms_p50": 0.06466649938374758,
      "latency_ms_p95": 0.07435378502123056,
      "queries_per_sec": 13801.828577862894,
      "build_seconds": 29.744874999974854,
      "ingest_vectors_per_sec": 3361.923692739826,
      "index_size_bytes": 6625811,
      "estimated_memory_bytes": 1346816,
      "timestamp": 1781620168.576811
    }
  ]
}