{
  "schema_version": 1,
  "created_at": 1781532477.908146,
  "dim": 384,
  "n_vectors": 3489,
  "k": 10,
  "results": [
    {
      "index_name": "flat",
      "recipe": "flat",
      "factory_string": "Flat",
      "k": 10,
      "num_vectors": 3489,
      "dimension": 384,
      "recall_at_k": 1.0,
      "mrr": 1.0,
      "latency_ms_mean": 0.16287165693938732,
      "latency_ms_p50": 0.1317500718869269,
      "latency_ms_p95": 0.1857166935224086,
      "queries_per_sec": 6139.803688324666,
      "build_seconds": 0.10408137505874038,
      "ingest_vectors_per_sec": 33521.84766996894,
      "index_size_bytes": 5507184,
      "estimated_memory_bytes": 5359104,
      "timestamp": 1781532456.5244129
    },
    {
      "index_name": "hnsw",
      "recipe": "hnsw",
      "factory_string": "HNSW32",
      "k": 10,
      "num_vectors": 3489,
      "dimension": 384,
      "recall_at_k": 0.998,
      "mrr": 0.99,
      "latency_ms_mean": 0.13065831968560815,
      "latency_ms_p50": 0.09160401532426476,
      "latency_ms_p95": 0.23806858807802192,
      "queries_per_sec": 7653.550132943802,
      "build_seconds": 0.2597804580582306,
      "ingest_vectors_per_sec": 13430.571437432487,
      "index_size_bytes": 6454451,
      "estimated_memory_bytes": 6252288,
      "timestamp": 1781532456.791564
    },
    {
      "index_name": "ivf_pq",
      "recipe": "ivf_pq",
      "factory_string": "IVF100,PQ8x8",
      "k": 10,
      "num_vectors": 3489,
      "dimension": 384,
      "recall_at_k": 0.536,
      "mrr": 0.9133333333333333,
      "latency_ms_mean": 0.0686391955241561,
      "latency_ms_p50": 0.04137493669986725,
      "latency_ms_p95": 0.051076634554192424,
      "queries_per_sec": 14568.935319879607,
      "build_seconds": 21.016838249983266,
      "ingest_vectors_per_sec": 166.00974697051674,
      "index_size_bytes": 751662,
      "estimated_memory_bytes": 574728,
      "timestamp": 1781532477.813073
    },
    {
      "index_name": "ivf",
      "recipe": "ivf",
      "factory_string": "IVF100,Flat",
      "k": 10,
      "num_vectors": 3489,
      "dimension": 384,
      "recall_at_k": 0.9540000000000001,
      "mrr": 1.0,
      "latency_ms_mean": 0.05573420785367489,
      "latency_ms_p50": 0.04493747837841511,
      "latency_ms_p95": 0.05175843252800405,
      "queries_per_sec": 17942.302196622393,
      "build_seconds": 0.09110179205890745,
      "ingest_vectors_per_sec": 38297.81962734579,
      "index_size_bytes": 5689593,
      "estimated_memory_bytes": 5512704,
      "timestamp": 1781532477.9080179
    }
  ]
}