{
  "config": {
    "alpha": 0.5,
    "llm_model": "tinyllama",
    "timestamp": "2025-10-31 01:47:45"
  },
  "metrics": {
    "MRR@10": 0.0,
    "NDCG@10": 0.0,
    "Recall@5": 0.0,
    "Recall@10": 0.0,
    "Recall@20": 0.0,
    "Recall@50": 0.0,
    "Recall@100": 0.0,
    "Latency_mean_ms": 32.38232135772705,
    "Latency_p95_ms": 38.13289403915411,
    "Latency_p99_ms": 95.46017408370962
  }
}