{
  "config": {
    "alpha": 1.0,
    "llm_model": "tinyllama",
    "timestamp": "2025-10-31 01:44:49"
  },
  "metrics": {
    "MRR@10": 0.0,
    "NDCG@10": 0.0,
    "Recall@5": 0.0,
    "Recall@10": 0.0,
    "Recall@20": 0.0,
    "Recall@50": 0.0,
    "Recall@100": 0.0,
    "Latency_mean_ms": 30.781888961791992,
    "Latency_p95_ms": 39.2834544181824,
    "Latency_p99_ms": 73.50000143051142
  }
}