{
  "config": {
    "alpha": 0.3,
    "llm_model": "tinyllama",
    "timestamp": "2025-10-31 01:43:56"
  },
  "metrics": {
    "MRR@10": 0.0,
    "NDCG@10": 0.0,
    "Recall@5": 0.0,
    "Recall@10": 0.0,
    "Recall@20": 0.0,
    "Recall@50": 0.0,
    "Recall@100": 0.0,
    "Latency_mean_ms": 30.269718170166016,
    "Latency_p95_ms": 36.270976066589384,
    "Latency_p99_ms": 67.93897151947016
  }
}